,0,1,2,3,4,5,6,7,8,9
0,I,,,,,,,,,
1,negative,,,,,,,,,
0,thought,,,,,,,,,
1,negative,,,,,,,,,
0,rating,,,,,,,,,
1,negative,,,,,,,,,
0,movie,,,,,,,,,
1,negative,,,,,,,,,
0,I,,,,,,,,,
1,negative,,,,,,,,,
0,know,,,,,,,,,
1,negative,,,,,,,,,
0,haunt,,,,,,,,,
1,negative,,,,,,,,,
0,rest,,,,,,,,,
1,negative,,,,,,,,,
0,life,,,,,,,,,
1,negative,,,,,,,,,
0,I,,,,,,,,,
1,negative,,,,,,,,,
0,seen,,,,,,,,,
1,negative,,,,,,,,,
0,movie,,,,,,,,,
1,negative,,,,,,,,,
0,every,,,,,,,,,
1,negative,,,,,,,,,
0,time,,,,,,,,,
1,negative,,,,,,,,,
0,I,,,,,,,,,
1,negative,,,,,,,,,
0,look,,,,,,,,,
1,negative,,,,,,,,,
0,hurt,,,,,,,,,
1,negative,,,,,,,,,
0,freaking,,,,,,,,,
1,negative,,,,,,,,,
0,eye,,,,,,,,,
1,negative,,,,,,,,,
0,The,,,,,,,,,
1,negative,,,,,,,,,
0,movie,,,,,,,,,
1,negative,,,,,,,,,
0,take,,,,,,,,,
1,negative,,,,,,,,,
0,place,,,,,,,,,
1,negative,,,,,,,,,
0,mostly,,,,,,,,,
1,negative,,,,,,,,,
0,psychiatric,,,,,,,,,
1,negative,,,,,,,,,
0,hospital,,,,,,,,,
1,negative,,,,,,,,,
0,poor,,,,,,,,,
1,negative,,,,,,,,,
0,helpless,,,,,,,,,
1,negative,,,,,,,,,
0,teen,,,,,,,,,
1,negative,,,,,,,,,
0,terrorized,,,,,,,,,
1,negative,,,,,,,,,
0,Freddy,,,,,,,,,
1,negative,,,,,,,,,
0,But,,,,,,,,,
1,negative,,,,,,,,,
0,really,,,,,,,,,
1,negative,,,,,,,,,
0,matter,,,,,,,,,
1,negative,,,,,,,,,
0,Because,,,,,,,,,
1,negative,,,,,,,,,
0,care,,,,,,,,,
1,negative,,,,,,,,,
0,character,,,,,,,,,
1,negative,,,,,,,,,
0,first,,,,,,,,,
1,negative,,,,,,,,,
0,place,,,,,,,,,
1,negative,,,,,,,,,
0,Good,,,,,,,,,
1,negative,,,,,,,,,
0,let,,,,,,,,,
1,negative,,,,,,,,,
0,die,,,,,,,,,
1,negative,,,,,,,,,
0,The,,,,,,,,,
1,negative,,,,,,,,,
0,sooner,,,,,,,,,
1,negative,,,,,,,,,
0,die,,,,,,,,,
1,negative,,,,,,,,,
0,sooner,,,,,,,,,
1,negative,,,,,,,,,
0,movie,,,,,,,,,
1,negative,,,,,,,,,
0,The,,,,,,,,,
1,negative,,,,,,,,,
0,plot,,,,,,,,,
1,negative,,,,,,,,,
0,freaking,,,,,,,,,
1,negative,,,,,,,,,
0,point,,,,,,,,,
1,negative,,,,,,,,,
0,And,,,,,,,,,
1,negative,,,,,,,,,
0,actor,,,,,,,,,
1,negative,,,,,,,,,
0,might,,,,,,,,,
1,negative,,,,,,,,,
0,well,,,,,,,,,
1,negative,,,,,,,,,
0,drug,,,,,,,,,
1,negative,,,,,,,,,
0,thru,,,,,,,,,
1,negative,,,,,,,,,
0,movie,,,,,,,,,
1,negative,,,,,,,,,
0,But,,,,,,,,,
1,negative,,,,,,,,,
0,I,,,,,,,,,
1,negative,,,,,,,,,
0,must,,,,,,,,,
1,negative,,,,,,,,,
0,admit,,,,,,,,,
1,negative,,,,,,,,,
0,director,,,,,,,,,
1,negative,,,,,,,,,
0,must,,,,,,,,,
1,negative,,,,,,,,,
0,talent,,,,,,,,,
1,negative,,,,,,,,,
0,making,,,,,,,,,
1,negative,,,,,,,,,
0,movie,,,,,,,,,
1,negative,,,,,,,,,
0,bad,,,,,,,,,
1,negative,,,,,,,,,
0,Almost,,,,,,,,,
1,negative,,,,,,,,,
0,bad,,,,,,,,,
1,negative,,,,,,,,,
0,The,,,,,,,,,
1,negative,,,,,,,,,
0,Blair,,,,,,,,,
1,negative,,,,,,,,,
0,With,,,,,,,,,
1,negative,,,,,,,,,
0,Project,,,,,,,,,
1,negative,,,,,,,,,
0,Do,,,,,,,,,
1,negative,,,,,,,,,
0,got,,,,,,,,,
1,negative,,,,,,,,,
0,something,,,,,,,,,
1,negative,,,,,,,,,
0,say,,,,,,,,,
1,negative,,,,,,,,,
0,I,,,,,,,,,
1,negative,,,,,,,,,
0,wrote,,,,,,,,,
1,negative,,,,,,,,,
0,And,,,,,,,,,
1,negative,,,,,,,,,
0,I,,,,,,,,,
1,negative,,,,,,,,,
0,know,,,,,,,,,
1,negative,,,,,,,,,
0,Please,,,,,,,,,
1,negative,,,,,,,,,
0,write,,,,,,,,,
1,negative,,,,,,,,,
0,The,,,,,,,,,
1,negative,,,,,,,,,
0,first,,,,,,,,,
1,negative,,,,,,,,,
0,one,,,,,,,,,
1,negative,,,,,,,,,
0,cool,,,,,,,,,
1,negative,,,,,,,,,
0,second,,,,,,,,,
1,negative,,,,,,,,,
0,one,,,,,,,,,
1,negative,,,,,,,,,
0,scary,,,,,,,,,
1,negative,,,,,,,,,
0,first,,,,,,,,,
1,negative,,,,,,,,,
0,installment,,,,,,,,,
1,negative,,,,,,,,,
0,plain,,,,,,,,,
1,negative,,,,,,,,,
0,lame,,,,,,,,,
1,negative,,,,,,,,,
0,It,,,,,,,,,
1,negative,,,,,,,,,
0,claim,,,,,,,,,
1,negative,,,,,,,,,
0,continue,,,,,,,,,
1,negative,,,,,,,,,
0,first,,,,,,,,,
1,negative,,,,,,,,,
0,film,,,,,,,,,
1,negative,,,,,,,,,
0,left,,,,,,,,,
1,negative,,,,,,,,,
0,BUT,,,,,,,,,
1,negative,,,,,,,,,
0,IT,,,,,,,,,
1,negative,,,,,,,,,
0,OES,,,,,,,,,
1,negative,,,,,,,,,
0,NT,,,,,,,,,
1,negative,,,,,,,,,
0,We,,,,,,,,,
1,negative,,,,,,,,,
0,never,,,,,,,,,
1,negative,,,,,,,,,
0,told,,,,,,,,,
1,negative,,,,,,,,,
0,ending,,,,,,,,,
1,negative,,,,,,,,,
0,first,,,,,,,,,
1,negative,,,,,,,,,
0,film,,,,,,,,,
1,negative,,,,,,,,,
0,meant,,,,,,,,,
1,negative,,,,,,,,,
0,And,,,,,,,,,
1,negative,,,,,,,,,
0,Heather,,,,,,,,,
1,negative,,,,,,,,,
0,Langenkamp,,,,,,,,,
1,negative,,,,,,,,,
0,killed,,,,,,,,,
1,negative,,,,,,,,,
0,final,,,,,,,,,
1,negative,,,,,,,,,
0,dream,,,,,,,,,
1,negative,,,,,,,,,
0,I,,,,,,,,,
1,negative,,,,,,,,,
0,watched,,,,,,,,,
1,negative,,,,,,,,,
0,film,,,,,,,,,
1,negative,,,,,,,,,
0,elm,,,,,,,,,
1,negative,,,,,,,,,
0,Street,,,,,,,,,
1,negative,,,,,,,,,
0,film,,,,,,,,,
1,negative,,,,,,,,,
0,apart,,,,,,,,,
1,negative,,,,,,,,,
0,Wes,,,,,,,,,
1,negative,,,,,,,,,
0,Craven,,,,,,,,,
1,negative,,,,,,,,,
0,involved,,,,,,,,,
1,negative,,,,,,,,,
0,The,,,,,,,,,
1,negative,,,,,,,,,
0,thing,,,,,,,,,
1,negative,,,,,,,,,
0,film,,,,,,,,,
1,negative,,,,,,,,,
0,got,,,,,,,,,
1,negative,,,,,,,,,
0,going,,,,,,,,,
1,negative,,,,,,,,,
0,Heather,,,,,,,,,
1,negative,,,,,,,,,
0,Langenkamp,,,,,,,,,
1,negative,,,,,,,,,
0,teeth,,,,,,,,,
1,negative,,,,,,,,,
0,quite,,,,,,,,,
1,negative,,,,,,,,,
0,obtrusive,,,,,,,,,
1,negative,,,,,,,,,
0,first,,,,,,,,,
1,negative,,,,,,,,,
0,film.Trust,,,,,,,,,
1,negative,,,,,,,,,
0,Do,,,,,,,,,
1,negative,,,,,,,,,
0,bother,,,,,,,,,
1,negative,,,,,,,,,
0,waste,,,,,,,,,
1,negative,,,,,,,,,
0,time,,,,,,,,,
1,negative,,,,,,,,,
0,watch,,,,,,,,,
1,negative,,,,,,,,,
0,movie,,,,,,,,,
1,negative,,,,,,,,,
0,But,,,,,,,,,
1,negative,,,,,,,,,
0,scream,,,,,,,,,
1,negative,,,,,,,,,
0,instead,,,,,,,,,
1,negative,,,,,,,,,
0,Freddy,,,,,,,,,
1,negative,,,,,,,,,
0,mission,,,,,,,,,
1,negative,,,,,,,,,
0,gain,,,,,,,,,
1,negative,,,,,,,,,
0,revenge,,,,,,,,,
1,negative,,,,,,,,,
0,killing,,,,,,,,,
1,negative,,,,,,,,,
0,kid,,,,,,,,,
1,negative,,,,,,,,,
0,parent,,,,,,,,,
1,negative,,,,,,,,,
0,torched,,,,,,,,,
1,negative,,,,,,,,,
0,year,,,,,,,,,
1,negative,,,,,,,,,
0,ago,,,,,,,,,
1,negative,,,,,,,,,
0,This,,,,,,,,,
1,negative,,,,,,,,,
0,sequel,,,,,,,,,
1,negative,,,,,,,,,
0,still,,,,,,,,,
1,negative,,,,,,,,,
0,quite,,,,,,,,,
1,negative,,,,,,,,,
0,number,,,,,,,,,
1,negative,,,,,,,,,
0,good,,,,,,,,,
1,negative,,,,,,,,,
0,scare,,,,,,,,,
1,negative,,,,,,,,,
0,killing,,,,,,,,,
1,negative,,,,,,,,,
0,enjoyed,,,,,,,,,
1,negative,,,,,,,,,
0,number,,,,,,,,,
1,negative,,,,,,,,,
0,fan,,,,,,,,,
1,negative,,,,,,,,,
0,series,,,,,,,,,
1,negative,,,,,,,,,
0,Nancy,,,,,,,,,
1,negative,,,,,,,,,
0,return,,,,,,,,,
1,negative,,,,,,,,,
0,also,,,,,,,,,
1,negative,,,,,,,,,
0,make,,,,,,,,,
1,negative,,,,,,,,,
0,worth,,,,,,,,,
1,negative,,,,,,,,,
0,see,,,,,,,,,
1,negative,,,,,,,,,
0,Probably,,,,,,,,,
1,negative,,,,,,,,,
0,one,,,,,,,,,
1,negative,,,,,,,,,
0,best,,,,,,,,,
1,negative,,,,,,,,,
0,Freddy,,,,,,,,,
1,negative,,,,,,,,,
0,sequel,,,,,,,,,
1,negative,,,,,,,,,
0,Freddy,,,,,,,,,
1,negative,,,,,,,,,
0,return,,,,,,,,,
1,negative,,,,,,,,,
0,extract,,,,,,,,,
1,negative,,,,,,,,,
0,revenge,,,,,,,,,
1,negative,,,,,,,,,
0,child,,,,,,,,,
1,negative,,,,,,,,,
0,elm,,,,,,,,,
1,negative,,,,,,,,,
0,Street,,,,,,,,,
1,negative,,,,,,,,,
0,But,,,,,,,,,
1,negative,,,,,,,,,
0,power,,,,,,,,,
1,negative,,,,,,,,,
0,group,,,,,,,,,
1,negative,,,,,,,,,
0,teen,,,,,,,,,
1,negative,,,,,,,,,
0,Nancy,,,,,,,,,
1,negative,,,,,,,,,
0,Thompson,,,,,,,,,
1,negative,,,,,,,,,
0,destroy,,,,,,,,,
1,negative,,,,,,,,,
0,Freddy,,,,,,,,,
1,negative,,,,,,,,,
0,good,,,,,,,,,
1,negative,,,,,,,,,
0,The,,,,,,,,,
1,negative,,,,,,,,,
0,film,,,,,,,,,
1,negative,,,,,,,,,
0,anything,,,,,,,,,
1,negative,,,,,,,,,
0,like,,,,,,,,,
1,negative,,,,,,,,,
0,first,,,,,,,,,
1,negative,,,,,,,,,
0,last,,,,,,,,,
1,negative,,,,,,,,,
0,film,,,,,,,,,
1,negative,,,,,,,,,
0,Wes,,,,,,,,,
1,negative,,,,,,,,,
0,Craven,,,,,,,,,
1,negative,,,,,,,,,
0,returned,,,,,,,,,
1,negative,,,,,,,,,
0,help,,,,,,,,,
1,negative,,,,,,,,,
0,write,,,,,,,,,
1,negative,,,,,,,,,
0,film,,,,,,,,,
1,negative,,,,,,,,,
0,BUT,,,,,,,,,
1,negative,,,,,,,,,
0,direct,,,,,,,,,
1,negative,,,,,,,,,
0,That,,,,,,,,,
1,negative,,,,,,,,,
0,let,,,,,,,,,
1,negative,,,,,,,,,
0,This,,,,,,,,,
1,negative,,,,,,,,,
0,first,,,,,,,,,
1,negative,,,,,,,,,
0,film,,,,,,,,,
1,negative,,,,,,,,,
0,made,,,,,,,,,
1,negative,,,,,,,,,
0,Freddy,,,,,,,,,
1,negative,,,,,,,,,
0,staple,,,,,,,,,
1,negative,,,,,,,,,
0,Pop,,,,,,,,,
1,negative,,,,,,,,,
0,culture,,,,,,,,,
1,negative,,,,,,,,,
0,Robert,,,,,,,,,
1,negative,,,,,,,,,
0,England,,,,,,,,,
1,negative,,,,,,,,,
0,Heather,,,,,,,,,
1,negative,,,,,,,,,
0,Langenkamp,,,,,,,,,
1,negative,,,,,,,,,
0,John,,,,,,,,,
1,negative,,,,,,,,,
0,Saxton,,,,,,,,,
1,negative,,,,,,,,,
0,return,,,,,,,,,
1,negative,,,,,,,,,
0,along,,,,,,,,,
1,negative,,,,,,,,,
0,new,,,,,,,,,
1,negative,,,,,,,,,
0,face,,,,,,,,,
1,negative,,,,,,,,,
0,elm,,,,,,,,,
1,negative,,,,,,,,,
0,street,,,,,,,,,
1,negative,,,,,,,,,
0,Laurence,,,,,,,,,
1,negative,,,,,,,,,
0,Fishbourne,,,,,,,,,
1,negative,,,,,,,,,
0,I,,,,,,,,,
1,negative,,,,,,,,,
0,think,,,,,,,,,
1,negative,,,,,,,,,
0,film,,,,,,,,,
1,negative,,,,,,,,,
0,lived,,,,,,,,,
1,negative,,,,,,,,,
0,could,,,,,,,,,
1,negative,,,,,,,,,
0,It,,,,,,,,,
1,negative,,,,,,,,,
0,would,,,,,,,,,
1,negative,,,,,,,,,
0,generated,,,,,,,,,
1,negative,,,,,,,,,
0,fear,,,,,,,,,
1,negative,,,,,,,,,
0,Wes,,,,,,,,,
1,negative,,,,,,,,,
0,Craven,,,,,,,,,
1,negative,,,,,,,,,
0,directing,,,,,,,,,
1,negative,,,,,,,,,
0,Not,,,,,,,,,
1,negative,,,,,,,,,
0,terrible,,,,,,,,,
1,negative,,,,,,,,,
0,disappointment,,,,,,,,,
1,negative,,,,,,,,,
0,Not,,,,,,,,,
1,negative,,,,,,,,,
0,best,,,,,,,,,
1,negative,,,,,,,,,
0,series,,,,,,,,,
1,negative,,,,,,,,,
0,either,,,,,,,,,
1,negative,,,,,,,,,
0,lastly,,,,,,,,,
1,negative,,,,,,,,,
0,overrated,,,,,,,,,
1,negative,,,,,,,,,
0,entry,,,,,,,,,
1,negative,,,,,,,,,
0,nightmare,,,,,,,,,
1,negative,,,,,,,,,
0,On,,,,,,,,,
1,negative,,,,,,,,,
0,elm,,,,,,,,,
1,negative,,,,,,,,,
0,Street,,,,,,,,,
1,negative,,,,,,,,,
0,series,,,,,,,,,
1,negative,,,,,,,,,
0,OES,,,,,,,,,
1,negative,,,,,,,,,
0,0.0,0.0,0.0,0.0,0.0,0.0,0.0,0.0,0.0,0.0
1,n,e,g,a,t,i,v,e,,
0,The,,,,,,,,,
1,negative,,,,,,,,,
0,movie,,,,,,,,,
1,negative,,,,,,,,,
0,like,,,,,,,,,
1,negative,,,,,,,,,
0,boot,,,,,,,,,
1,negative,,,,,,,,,
0,legged,,,,,,,,,
1,negative,,,,,,,,,
0,video,,,,,,,,,
1,negative,,,,,,,,,
0,NOT,,,,,,,,,
1,negative,,,,,,,,,
0,Disney,,,,,,,,,
1,negative,,,,,,,,,
0,movie,,,,,,,,,
1,negative,,,,,,,,,
0,NO,,,,,,,,,
1,negative,,,,,,,,,
0,Walt,,,,,,,,,
1,negative,,,,,,,,,
0,Disney,,,,,,,,,
1,negative,,,,,,,,,
0,Castle,,,,,,,,,
1,negative,,,,,,,,,
0,Credit,,,,,,,,,
1,negative,,,,,,,,,
0,anything,,,,,,,,,
1,negative,,,,,,,,,
0,Disney,,,,,,,,,
1,negative,,,,,,,,,
0,beginning,,,,,,,,,
1,negative,,,,,,,,,
0,scene,,,,,,,,,
1,negative,,,,,,,,,
0,I,,,,,,,,,
1,negative,,,,,,,,,
0,saw,,,,,,,,,
1,negative,,,,,,,,,
0,I,,,,,,,,,
1,negative,,,,,,,,,
0,younger,,,,,,,,,
1,negative,,,,,,,,,
0,missing,,,,,,,,,
1,negative,,,,,,,,,
0,could,,,,,,,,,
1,negative,,,,,,,,,
0,see,,,,,,,,,
1,negative,,,,,,,,,
0,lippy,,,,,,,,,
1,negative,,,,,,,,,
0,black,,,,,,,,,
1,negative,,,,,,,,,
0,white,,,,,,,,,
1,negative,,,,,,,,,
0,yellow,,,,,,,,,
1,negative,,,,,,,,,
0,spot,,,,,,,,,
1,negative,,,,,,,,,
0,screen,,,,,,,,,
1,negative,,,,,,,,,
0,like,,,,,,,,,
1,negative,,,,,,,,,
0,would,,,,,,,,,
1,negative,,,,,,,,,
0,see,,,,,,,,,
1,negative,,,,,,,,,
0,older,,,,,,,,,
1,negative,,,,,,,,,
0,projection,,,,,,,,,
1,negative,,,,,,,,,
0,film.No,,,,,,,,,
1,negative,,,,,,,,,
0,chapter/scene,,,,,,,,,
1,negative,,,,,,,,,
0,selection,,,,,,,,,
1,negative,,,,,,,,,
0,anythingNOT,,,,,,,,,
1,negative,,,,,,,,,
0,worth,,,,,,,,,
1,negative,,,,,,,,,
0,Please,,,,,,,,,
1,negative,,,,,,,,,
0,check,,,,,,,,,
1,negative,,,,,,,,,
0,reaching,,,,,,,,,
1,negative,,,,,,,,,
0,Systems,,,,,,,,,
1,negative,,,,,,,,,
0,store,,,,,,,,,
1,negative,,,,,,,,,
0,product,,,,,,,,,
1,negative,,,,,,,,,
0,lesser,,,,,,,,,
1,negative,,,,,,,,,
0,price,,,,,,,,,
1,negative,,,,,,,,,
0,reaching,,,,,,,,,
1,negative,,,,,,,,,
0,Systems,,,,,,,,,
1,negative,,,,,,,,,
0,algebra,,,,,,,,,
1,negative,,,,,,,,,
0,super,,,,,,,,,
1,negative,,,,,,,,,
0,Pack,,,,,,,,,
1,negative,,,,,,,,,
0,The,,,,,,,,,
1,negative,,,,,,,,,
0,basic,,,,,,,,,
1,negative,,,,,,,,,
0,The,,,,,,,,,
1,negative,,,,,,,,,
0,function,,,,,,,,,
1,negative,,,,,,,,,
0,linear,,,,,,,,,
1,negative,,,,,,,,,
0,equation,,,,,,,,,
1,negative,,,,,,,,,
0,quadratic,,,,,,,,,
1,negative,,,,,,,,,
0,equation,,,,,,,,,
1,negative,,,,,,,,,
0,quadratic,,,,,,,,,
1,negative,,,,,,,,,
0,Roots,,,,,,,,,
1,negative,,,,,,,,,
0,The,,,,,,,,,
1,negative,,,,,,,,,
0,quadratic,,,,,,,,,
1,negative,,,,,,,,,
0,formula,,,,,,,,,
1,negative,,,,,,,,,
0,polynomial,,,,,,,,,
1,negative,,,,,,,,,
0,Stars,,,,,,,,,
1,negative,,,,,,,,,
0,ok,,,,,,,,,
1,negative,,,,,,,,,
0,killing,,,,,,,,,
1,negative,,,,,,,,,
0,undead,,,,,,,,,
1,negative,,,,,,,,,
0,quickly,,,,,,,,,
1,negative,,,,,,,,,
0,get,,,,,,,,,
1,negative,,,,,,,,,
0,dumb,,,,,,,,,
1,negative,,,,,,,,,
0,stray,,,,,,,,,
1,negative,,,,,,,,,
0,ridiculously,,,,,,,,,
1,negative,,,,,,,,,
0,unfollowable,,,,,,,,,
1,negative,,,,,,,,,
0,plot,,,,,,,,,
1,negative,,,,,,,,,
0,avoid,,,,,,,,,
1,negative,,,,,,,,,
0,This,,,,,,,,,
1,negative,,,,,,,,,
0,movie,,,,,,,,,
1,negative,,,,,,,,,
0,received,,,,,,,,,
1,negative,,,,,,,,,
0,lot,,,,,,,,,
1,negative,,,,,,,,,
0,great,,,,,,,,,
1,negative,,,,,,,,,
0,review,,,,,,,,,
1,negative,,,,,,,,,
0,reason,,,,,,,,,
1,negative,,,,,,,,,
0,I,,,,,,,,,
1,negative,,,,,,,,,
0,deal,,,,,,,,,
1,negative,,,,,,,,,
0,I,,,,,,,,,
1,negative,,,,,,,,,
0,good,,,,,,,,,
1,negative,,,,,,,,,
0,story,,,,,,,,,
1,negative,,,,,,,,,
0,line,,,,,,,,,
1,negative,,,,,,,,,
0,guy,,,,,,,,,
1,negative,,,,,,,,,
0,live,,,,,,,,,
1,negative,,,,,,,,,
0,cemetery,,,,,,,,,
1,negative,,,,,,,,,
0,battle,,,,,,,,,
1,negative,,,,,,,,,
0,dead,,,,,,,,,
1,negative,,,,,,,,,
0,soon,,,,,,,,,
1,negative,,,,,,,,,
0,come,,,,,,,,,
1,negative,,,,,,,,,
0,back,,,,,,,,,
1,negative,,,,,,,,,
0,life,,,,,,,,,
1,negative,,,,,,,,,
0,buried,,,,,,,,,
1,negative,,,,,,,,,
0,story,,,,,,,,,
1,negative,,,,,,,,,
0,go,,,,,,,,,
1,negative,,,,,,,,,
0,The,,,,,,,,,
1,negative,,,,,,,,,
0,lead,,,,,,,,,
1,negative,,,,,,,,,
0,character,,,,,,,,,
1,negative,,,,,,,,,
0,find,,,,,,,,,
1,negative,,,,,,,,,
0,falling,,,,,,,,,
1,negative,,,,,,,,,
0,love,,,,,,,,,
1,negative,,,,,,,,,
0,recent,,,,,,,,,
1,negative,,,,,,,,,
0,widow,,,,,,,,,
1,negative,,,,,,,,,
0,married,,,,,,,,,
1,negative,,,,,,,,,
0,older,,,,,,,,,
1,negative,,,,,,,,,
0,man,,,,,,,,,
1,negative,,,,,,,,,
0,really,,,,,,,,,
1,negative,,,,,,,,,
0,love,,,,,,,,,
1,negative,,,,,,,,,
0,visit,,,,,,,,,
1,negative,,,,,,,,,
0,everyday,,,,,,,,,
1,negative,,,,,,,,,
0,You,,,,,,,,,
1,negative,,,,,,,,,
0,see,,,,,,,,,
1,negative,,,,,,,,,
0,go,,,,,,,,,
1,negative,,,,,,,,,
0,fall,,,,,,,,,
1,negative,,,,,,,,,
0,girl,,,,,,,,,
1,negative,,,,,,,,,
0,This,,,,,,,,,
1,negative,,,,,,,,,
0,movie,,,,,,,,,
1,negative,,,,,,,,,
0,anything,,,,,,,,,
1,negative,,,,,,,,,
0,scary,,,,,,,,,
1,negative,,,,,,,,,
0,really,,,,,,,,,
1,negative,,,,,,,,,
0,gory,,,,,,,,,
1,negative,,,,,,,,,
0,It,,,,,,,,,
1,negative,,,,,,,,,
0,like,,,,,,,,,
1,negative,,,,,,,,,
0,love,,,,,,,,,
1,negative,,,,,,,,,
0,story,,,,,,,,,
1,negative,,,,,,,,,
0,combies,,,,,,,,,
1,negative,,,,,,,,,
0,How,,,,,,,,,
1,negative,,,,,,,,,
0,boring,,,,,,,,,
1,negative,,,,,,,,,
0,many,,,,,,,,,
1,negative,,,,,,,,,
0,people,,,,,,,,,
1,negative,,,,,,,,,
0,like,,,,,,,,,
1,negative,,,,,,,,,
0,film,,,,,,,,,
1,negative,,,,,,,,,
0,beyond,,,,,,,,,
1,negative,,,,,,,,,
0,Give,,,,,,,,,
1,negative,,,,,,,,,
0,George,,,,,,,,,
1,negative,,,,,,,,,
0,Romero,,,,,,,,,
1,negative,,,,,,,,,
0,film,,,,,,,,,
1,negative,,,,,,,,,
0,day,,,,,,,,,
1,negative,,,,,,,,,
0,bore,,,,,,,,,
1,negative,,,,,,,,,
0,I,,,,,,,,,
1,negative,,,,,,,,,
0,fell,,,,,,,,,
1,negative,,,,,,,,,
0,hype,,,,,,,,,
1,negative,,,,,,,,,
0,bought,,,,,,,,,
1,negative,,,,,,,,,
0,thinking,,,,,,,,,
1,negative,,,,,,,,,
0,ca,,,,,,,,,
1,negative,,,,,,,,,
0,miss,,,,,,,,,
1,negative,,,,,,,,,
0,Well,,,,,,,,,
1,negative,,,,,,,,,
0,miss,,,,,,,,,
1,negative,,,,,,,,,
0,big,,,,,,,,,
1,negative,,,,,,,,,
0,time,,,,,,,,,
1,negative,,,,,,,,,
0,Do,,,,,,,,,
1,negative,,,,,,,,,
0,favor,,,,,,,,,
1,negative,,,,,,,,,
0,pas,,,,,,,,,
1,negative,,,,,,,,,
0,one,,,,,,,,,
1,negative,,,,,,,,,
0,Do,,,,,,,,,
1,negative,,,,,,,,,
0,buy,,,,,,,,,
1,negative,,,,,,,,,
0,HE,,,,,,,,,
1,negative,,,,,,,,,
0,Oh,,,,,,,,,
1,negative,,,,,,,,,
0,brother,,,,,,,,,
1,negative,,,,,,,,,
0,Art-house,,,,,,,,,
1,negative,,,,,,,,,
0,zombie,,,,,,,,,
1,negative,,,,,,,,,
0,movie,,,,,,,,,
1,negative,,,,,,,,,
0,Puh-leeze,,,,,,,,,
1,negative,,,,,,,,,
0,How,,,,,,,,,
1,negative,,,,,,,,,
0,archhouse,,,,,,,,,
1,negative,,,,,,,,,
0,POS,,,,,,,,,
1,negative,,,,,,,,,
0,better,,,,,,,,,
1,negative,,,,,,,,,
0,yet,,,,,,,,,
1,negative,,,,,,,,,
0,plain,,,,,,,,,
1,negative,,,,,,,,,
0,old,,,,,,,,,
1,negative,,,,,,,,,
0,POS,,,,,,,,,
1,negative,,,,,,,,,
0,cemetery,,,,,,,,,
1,negative,,,,,,,,,
0,Man,,,,,,,,,
1,negative,,,,,,,,,
0,tell,,,,,,,,,
1,negative,,,,,,,,,
0,story,,,,,,,,,
1,negative,,,,,,,,,
0,horribly,,,,,,,,,
1,negative,,,,,,,,,
0,Mr,,,,,,,,,
1,negative,,,,,,,,,
0,Dellemorte,,,,,,,,,
1,negative,,,,,,,,,
0,cemetery,,,,,,,,,
1,negative,,,,,,,,,
0,Man,,,,,,,,,
1,negative,,,,,,,,,
0,played,,,,,,,,,
1,negative,,,,,,,,,
0,Rupert,,,,,,,,,
1,negative,,,,,,,,,
0,Everett,,,,,,,,,
1,negative,,,,,,,,,
0,whose,,,,,,,,,
1,negative,,,,,,,,,
0,job,,,,,,,,,
1,negative,,,,,,,,,
0,make,,,,,,,,,
1,negative,,,,,,,,,
0,sure,,,,,,,,,
1,negative,,,,,,,,,
0,dead,,,,,,,,,
1,negative,,,,,,,,,
0,people,,,,,,,,,
1,negative,,,,,,,,,
0,cemetery,,,,,,,,,
1,negative,,,,,,,,,
0,stay,,,,,,,,,
1,negative,,,,,,,,,
0,dead,,,,,,,,,
1,negative,,,,,,,,,
0,It,,,,,,,,,
1,negative,,,,,,,,,
0,seems,,,,,,,,,
1,negative,,,,,,,,,
0,keep,,,,,,,,,
1,negative,,,,,,,,,
0,coming,,,,,,,,,
1,negative,,,,,,,,,
0,back,,,,,,,,,
1,negative,,,,,,,,,
0,life,,,,,,,,,
1,negative,,,,,,,,,
0,reason,,,,,,,,,
1,negative,,,,,,,,,
0,Okay,,,,,,,,,
1,negative,,,,,,,,,
0,premise,,,,,,,,,
1,negative,,,,,,,,,
0,played,,,,,,,,,
1,negative,,,,,,,,,
0,correctly,,,,,,,,,
1,negative,,,,,,,,,
0,could,,,,,,,,,
1,negative,,,,,,,,,
0,funny,,,,,,,,,
1,negative,,,,,,,,,
0,This,,,,,,,,,
1,negative,,,,,,,,,
0,A,,,,,,,,,
1,negative,,,,,,,,,
0,script,,,,,,,,,
1,negative,,,,,,,,,
0,SO,,,,,,,,,
1,negative,,,,,,,,,
0,disjointed,,,,,,,,,
1,negative,,,,,,,,,
0,accompanied,,,,,,,,,
1,negative,,,,,,,,,
0,scene,,,,,,,,,
1,negative,,,,,,,,,
0,even,,,,,,,,,
1,negative,,,,,,,,,
0,worse,,,,,,,,,
1,negative,,,,,,,,,
0,make,,,,,,,,,
1,negative,,,,,,,,,
0,good,,,,,,,,,
1,negative,,,,,,,,,
0,time,,,,,,,,,
1,negative,,,,,,,,,
0,cemetery,,,,,,,,,
1,negative,,,,,,,,,
0,Man,,,,,,,,,
1,negative,,,,,,,,,
0,another,,,,,,,,,
1,negative,,,,,,,,,
0,Italian,,,,,,,,,
1,negative,,,,,,,,,
0,horror,,,,,,,,,
1,negative,,,,,,,,,
0,movie,,,,,,,,,
1,negative,,,,,,,,,
0,trouble,,,,,,,,,
1,negative,,,,,,,,,
0,one,,,,,,,,,
1,negative,,,,,,,,,
0,well,,,,,,,,,
1,negative,,,,,,,,,
0,good,,,,,,,,,
1,negative,,,,,,,,,
0,And,,,,,,,,,
1,negative,,,,,,,,,
0,life,,,,,,,,,
1,negative,,,,,,,,,
0,I,,,,,,,,,
1,negative,,,,,,,,,
0,simply,,,,,,,,,
1,negative,,,,,,,,,
0,could,,,,,,,,,
1,negative,,,,,,,,,
0,buy,,,,,,,,,
1,negative,,,,,,,,,
0,Mr,,,,,,,,,
1,negative,,,,,,,,,
0,Everett,,,,,,,,,
1,negative,,,,,,,,,
0,playing,,,,,,,,,
1,negative,,,,,,,,,
0,role,,,,,,,,,
1,negative,,,,,,,,,
0,young,,,,,,,,,
1,negative,,,,,,,,,
0,fetch,,,,,,,,,
1,negative,,,,,,,,,
0,woman,,,,,,,,,
1,negative,,,,,,,,,
0,U,,,,,,,,,
1,negative,,,,,,,,,
0,This,,,,,,,,,
1,negative,,,,,,,,,
0,movie,,,,,,,,,
1,negative,,,,,,,,,
0,make,,,,,,,,,
1,negative,,,,,,,,,
0,sense.The,,,,,,,,,
1,negative,,,,,,,,,
0,title,,,,,,,,,
1,negative,,,,,,,,,
0,character,,,,,,,,,
1,negative,,,,,,,,,
0,introduced,,,,,,,,,
1,negative,,,,,,,,,
0,immoral,,,,,,,,,
1,negative,,,,,,,,,
0,zombie-killer,,,,,,,,,
1,negative,,,,,,,,,
0,pick,,,,,,,,,
1,negative,,,,,,,,,
0,grieving,,,,,,,,,
1,negative,,,,,,,,,
0,trophy,,,,,,,,,
1,negative,,,,,,,,,
0,wife,,,,,,,,,
1,negative,,,,,,,,,
0,bimbo,,,,,,,,,
1,negative,,,,,,,,,
0,cemetery,,,,,,,,,
1,negative,,,,,,,,,
0,work,,,,,,,,,
1,negative,,,,,,,,,
0,Later,,,,,,,,,
1,negative,,,,,,,,,
0,transition,,,,,,,,,
1,negative,,,,,,,,,
0,blubbery,,,,,,,,,
1,negative,,,,,,,,,
0,psychotic,,,,,,,,,
1,negative,,,,,,,,,
0,mess,,,,,,,,,
1,negative,,,,,,,,,
0,loss,,,,,,,,,
1,negative,,,,,,,,,
0,chick,,,,,,,,,
1,negative,,,,,,,,,
0,knew,,,,,,,,,
1,negative,,,,,,,,,
0,two,,,,,,,,,
1,negative,,,,,,,,,
0,day,,,,,,,,,
1,negative,,,,,,,,,
0,even,,,,,,,,,
1,negative,,,,,,,,,
0,seal,,,,,,,,,
1,negative,,,,,,,,,
0,deal,,,,,,,,,
1,negative,,,,,,,,,
0,Only,,,,,,,,,
1,negative,,,,,,,,,
0,meet,,,,,,,,,
1,negative,,,,,,,,,
0,multiple,,,,,,,,,
1,negative,,,,,,,,,
0,one,,,,,,,,,
1,negative,,,,,,,,,
0,phobia,,,,,,,,,
1,negative,,,,,,,,,
0,erection,,,,,,,,,
1,negative,,,,,,,,,
0,If,,,,,,,,,
1,negative,,,,,,,,,
0,LOE,,,,,,,,,
1,negative,,,,,,,,,
0,zombie,,,,,,,,,
1,negative,,,,,,,,,
0,movie,,,,,,,,,
1,negative,,,,,,,,,
0,stay,,,,,,,,,
1,negative,,,,,,,,,
0,away,,,,,,,,,
1,negative,,,,,,,,,
0,The,,,,,,,,,
1,negative,,,,,,,,,
0,makeup,,,,,,,,,
1,negative,,,,,,,,,
0,terrible,,,,,,,,,
1,negative,,,,,,,,,
0,acting,,,,,,,,,
1,negative,,,,,,,,,
0,mediocre,,,,,,,,,
1,negative,,,,,,,,,
0,plot,,,,,,,,,
1,negative,,,,,,,,,
0,What,,,,,,,,,
1,negative,,,,,,,,,
0,plot,,,,,,,,,
1,negative,,,,,,,,,
0,The,,,,,,,,,
1,negative,,,,,,,,,
0,zombie,,,,,,,,,
1,negative,,,,,,,,,
0,action,,,,,,,,,
1,negative,,,,,,,,,
0,boring,,,,,,,,,
1,negative,,,,,,,,,
0,There,,,,,,,,,
1,negative,,,,,,,,,
0,connection,,,,,,,,,
1,negative,,,,,,,,,
0,character,,,,,,,,,
1,negative,,,,,,,,,
0,spend,,,,,,,,,
1,negative,,,,,,,,,
0,last,,,,,,,,,
1,negative,,,,,,,,,
0,3/4,,,,,,,,,
1,negative,,,,,,,,,
0,movie,,,,,,,,,
1,negative,,,,,,,,,
0,hoping,,,,,,,,,
1,negative,,,,,,,,,
0,everyone,,,,,,,,,
1,negative,,,,,,,,,
0,dy,,,,,,,,,
1,negative,,,,,,,,,
0,I,,,,,,,,,
1,negative,,,,,,,,,
0,friend,,,,,,,,,
1,negative,,,,,,,,,
0,tell,,,,,,,,,
1,negative,,,,,,,,,
0,cool,,,,,,,,,
1,negative,,,,,,,,,
0,offshoot,,,,,,,,,
1,negative,,,,,,,,,
0,Dylan,,,,,,,,,
1,negative,,,,,,,,,
0,dog,,,,,,,,,
1,negative,,,,,,,,,
0,far,,,,,,,,,
1,negative,,,,,,,,,
0,good,,,,,,,,,
1,negative,,,,,,,,,
0,pretty,,,,,,,,,
1,negative,,,,,,,,,
0,boring,,,,,,,,,
1,negative,,,,,,,,,
0,For,,,,,,,,,
1,negative,,,,,,,,,
0,movie,,,,,,,,,
1,negative,,,,,,,,,
0,zombie,,,,,,,,,
1,negative,,,,,,,,,
0,guy,,,,,,,,,
1,negative,,,,,,,,,
0,life,,,,,,,,,
1,negative,,,,,,,,,
0,fight,,,,,,,,,
1,negative,,,,,,,,,
0,cemetery,,,,,,,,,
1,negative,,,,,,,,,
0,one,,,,,,,,,
1,negative,,,,,,,,,
0,limp,,,,,,,,,
1,negative,,,,,,,,,
0,main,,,,,,,,,
1,negative,,,,,,,,,
0,character,,,,,,,,,
1,negative,,,,,,,,,
0,member,,,,,,,,,
1,negative,,,,,,,,,
0,This,,,,,,,,,
1,negative,,,,,,,,,
0,movie,,,,,,,,,
1,negative,,,,,,,,,
0,dark,,,,,,,,,
1,negative,,,,,,,,,
0,comedy,,,,,,,,,
1,negative,,,,,,,,,
0,trippy,,,,,,,,,
1,negative,,,,,,,,,
0,foreign,,,,,,,,,
1,negative,,,,,,,,,
0,bizarrovision,,,,,,,,,
1,negative,,,,,,,,,
0,film,,,,,,,,,
1,negative,,,,,,,,,
0,dyed-in-the-wool,,,,,,,,,
1,negative,,,,,,,,,
0,zombie,,,,,,,,,
1,negative,,,,,,,,,
0,Fest.If,,,,,,,,,
1,negative,,,,,,,,,
0,like,,,,,,,,,
1,negative,,,,,,,,,
0,well,,,,,,,,,
1,negative,,,,,,,,,
0,versed,,,,,,,,,
1,negative,,,,,,,,,
0,foreign,,,,,,,,,
1,negative,,,,,,,,,
0,horror,,,,,,,,,
1,negative,,,,,,,,,
0,movie,,,,,,,,,
1,negative,,,,,,,,,
0,scene,,,,,,,,,
1,negative,,,,,,,,,
0,movie,,,,,,,,,
1,negative,,,,,,,,,
0,entertaining,,,,,,,,,
1,negative,,,,,,,,,
0,I,,,,,,,,,
1,negative,,,,,,,,,
0,consider,,,,,,,,,
1,negative,,,,,,,,,
0,something,,,,,,,,,
1,negative,,,,,,,,,
0,I,,,,,,,,,
1,negative,,,,,,,,,
0,add,,,,,,,,,
1,negative,,,,,,,,,
0,library,,,,,,,,,
1,negative,,,,,,,,,
0,thanks,,,,,,,,,
1,negative,,,,,,,,,
0,Netflix,,,,,,,,,
1,negative,,,,,,,,,
0,One,,,,,,,,,
1,negative,,,,,,,,,
0,thing,,,,,,,,,
1,negative,,,,,,,,,
0,I,,,,,,,,,
1,negative,,,,,,,,,
0,eve,,,,,,,,,
1,negative,,,,,,,,,
0,found,,,,,,,,,
1,negative,,,,,,,,,
0,Italian,,,,,,,,,
1,negative,,,,,,,,,
0,horror,,,,,,,,,
1,negative,,,,,,,,,
0,movie,,,,,,,,,
1,negative,,,,,,,,,
0,spend,,,,,,,,,
1,negative,,,,,,,,,
0,clot,,,,,,,,,
1,negative,,,,,,,,,
0,effort,,,,,,,,,
1,negative,,,,,,,,,
0,visual,,,,,,,,,
1,negative,,,,,,,,,
0,trippery,,,,,,,,,
1,negative,,,,,,,,,
0,seems,,,,,,,,,
1,negative,,,,,,,,,
0,want,,,,,,,,,
1,negative,,,,,,,,,
0,every,,,,,,,,,
1,negative,,,,,,,,,
0,Italian,,,,,,,,,
1,negative,,,,,,,,,
0,movie,,,,,,,,,
1,negative,,,,,,,,,
0,art,,,,,,,,,
1,negative,,,,,,,,,
0,film,,,,,,,,,
1,negative,,,,,,,,,
0,exception,,,,,,,,,
1,negative,,,,,,,,,
0,go,,,,,,,,,
1,negative,,,,,,,,,
0,Argenta,,,,,,,,,
1,negative,,,,,,,,,
0,film,,,,,,,,,
1,negative,,,,,,,,,
0,past,,,,,,,,,
1,negative,,,,,,,,,
0,Its,,,,,,,,,
1,negative,,,,,,,,,
0,bad,,,,,,,,,
1,negative,,,,,,,,,
0,thing,,,,,,,,,
1,negative,,,,,,,,,
0,distinctive,,,,,,,,,
1,negative,,,,,,,,,
0,style,,,,,,,,,
1,negative,,,,,,,,,
0,either,,,,,,,,,
1,negative,,,,,,,,,
0,buy,,,,,,,,,
1,negative,,,,,,,,,
0,An,,,,,,,,,
1,negative,,,,,,,,,
0,awful,,,,,,,,,
1,negative,,,,,,,,,
0,lot,,,,,,,,,
1,negative,,,,,,,,,
0,strange,,,,,,,,,
1,negative,,,,,,,,,
0,thing,,,,,,,,,
1,negative,,,,,,,,,
0,happen,,,,,,,,,
1,negative,,,,,,,,,
0,real,,,,,,,,,
1,negative,,,,,,,,,
0,apparent,,,,,,,,,
1,negative,,,,,,,,,
0,reason,,,,,,,,,
1,negative,,,,,,,,,
0,A,,,,,,,,,
1,negative,,,,,,,,,
0,little,,,,,,,,,
1,negative,,,,,,,,,
0,bit,,,,,,,,,
1,negative,,,,,,,,,
0,sex,,,,,,,,,
1,negative,,,,,,,,,
0,erotic,,,,,,,,,
1,negative,,,,,,,,,
0,italian,,,,,,,,,
1,negative,,,,,,,,,
0,artsy,,,,,,,,,
1,negative,,,,,,,,,
0,style,,,,,,,,,
1,negative,,,,,,,,,
0,bumbling,,,,,,,,,
1,negative,,,,,,,,,
0,mentally,,,,,,,,,
1,negative,,,,,,,,,
0,retarded,,,,,,,,,
1,negative,,,,,,,,,
0,sidekick,,,,,,,,,
1,negative,,,,,,,,,
0,whole,,,,,,,,,
1,negative,,,,,,,,,
0,lot,,,,,,,,,
1,negative,,,,,,,,,
0,strange,,,,,,,,,
1,negative,,,,,,,,,
0,implausible,,,,,,,,,
1,negative,,,,,,,,,
0,thing,,,,,,,,,
1,negative,,,,,,,,,
0,happening,,,,,,,,,
1,negative,,,,,,,,,
0,And,,,,,,,,,
1,negative,,,,,,,,,
0,eventually,,,,,,,,,
1,negative,,,,,,,,,
0,movie,,,,,,,,,
1,negative,,,,,,,,,
0,ends.The,,,,,,,,,
1,negative,,,,,,,,,
0,story,,,,,,,,,
1,negative,,,,,,,,,
0,definitely,,,,,,,,,
1,negative,,,,,,,,,
0,love,,,,,,,,,
1,negative,,,,,,,,,
0,story,,,,,,,,,
1,negative,,,,,,,,,
0,dark,,,,,,,,,
1,negative,,,,,,,,,
0,comedy..its,,,,,,,,,
1,negative,,,,,,,,,
0,entertaining,,,,,,,,,
1,negative,,,,,,,,,
0,minute,,,,,,,,,
1,negative,,,,,,,,,
0,zombie,,,,,,,,,
1,negative,,,,,,,,,
0,suspense,,,,,,,,,
1,negative,,,,,,,,,
0,almost,,,,,,,,,
1,negative,,,,,,,,,
0,wrong,,,,,,,,,
1,negative,,,,,,,,,
0,call,,,,,,,,,
1,negative,,,,,,,,,
0,horror,,,,,,,,,
1,negative,,,,,,,,,
0,film,,,,,,,,,
1,negative,,,,,,,,,
0,really,,,,,,,,,
1,negative,,,,,,,,,
0,CM,,,,,,,,,
1,negative,,,,,,,,,
0,alternative,,,,,,,,,
1,negative,,,,,,,,,
0,zombie,,,,,,,,,
1,negative,,,,,,,,,
0,movie,,,,,,,,,
1,negative,,,,,,,,,
0,one,,,,,,,,,
1,negative,,,,,,,,,
0,kind,,,,,,,,,
1,negative,,,,,,,,,
0,yet,,,,,,,,,
1,negative,,,,,,,,,
0,lack,,,,,,,,,
1,negative,,,,,,,,,
0,cheesy,,,,,,,,,
1,negative,,,,,,,,,
0,fun,,,,,,,,,
1,negative,,,,,,,,,
0,old,,,,,,,,,
1,negative,,,,,,,,,
0,school,,,,,,,,,
1,negative,,,,,,,,,
0,zombie,,,,,,,,,
1,negative,,,,,,,,,
0,movie,,,,,,,,,
1,negative,,,,,,,,,
0,pulled,,,,,,,,,
1,negative,,,,,,,,,
0,well,,,,,,,,,
1,negative,,,,,,,,,
0,I,,,,,,,,,
1,negative,,,,,,,,,
0,really,,,,,,,,,
1,negative,,,,,,,,,
0,looking,,,,,,,,,
1,negative,,,,,,,,,
0,forward,,,,,,,,,
1,negative,,,,,,,,,
0,seeing,,,,,,,,,
1,negative,,,,,,,,,
0,one,,,,,,,,,
1,negative,,,,,,,,,
0,I,,,,,,,,,
1,negative,,,,,,,,,
0,read,,,,,,,,,
1,negative,,,,,,,,,
0,ignoring,,,,,,,,,
1,negative,,,,,,,,,
0,negative,,,,,,,,,
1,negative,,,,,,,,,
0,review,,,,,,,,,
1,negative,,,,,,,,,
0,big,,,,,,,,,
1,negative,,,,,,,,,
0,mistake,,,,,,,,,
1,negative,,,,,,,,,
0,So,,,,,,,,,
1,negative,,,,,,,,,
0,I,,,,,,,,,
1,negative,,,,,,,,,
0,dimmed,,,,,,,,,
1,negative,,,,,,,,,
0,light,,,,,,,,,
1,negative,,,,,,,,,
0,sat,,,,,,,,,
1,negative,,,,,,,,,
0,waiting,,,,,,,,,
1,negative,,,,,,,,,
0,waiting,,,,,,,,,
1,negative,,,,,,,,,
0,film,,,,,,,,,
1,negative,,,,,,,,,
0,deliver,,,,,,,,,
1,negative,,,,,,,,,
0,I,,,,,,,,,
1,negative,,,,,,,,,
0,waited,,,,,,,,,
1,negative,,,,,,,,,
0,waited,,,,,,,,,
1,negative,,,,,,,,,
0,bottom,,,,,,,,,
1,negative,,,,,,,,,
0,line,,,,,,,,,
1,negative,,,,,,,,,
0,I,,,,,,,,,
1,negative,,,,,,,,,
0,extremely,,,,,,,,,
1,negative,,,,,,,,,
0,disappointed,,,,,,,,,
1,negative,,,,,,,,,
0,wished,,,,,,,,,
1,negative,,,,,,,,,
0,I,,,,,,,,,
1,negative,,,,,,,,,
0,wasted,,,,,,,,,
1,negative,,,,,,,,,
0,time,,,,,,,,,
1,negative,,,,,,,,,
0,watching,,,,,,,,,
1,negative,,,,,,,,,
0,maybe,,,,,,,,,
1,negative,,,,,,,,,
0,fact,,,,,,,,,
1,negative,,,,,,,,,
0,I,,,,,,,,,
1,negative,,,,,,,,,
0,went,,,,,,,,,
1,negative,,,,,,,,,
0,hoping,,,,,,,,,
1,negative,,,,,,,,,
0,see,,,,,,,,,
1,negative,,,,,,,,,
0,something,,,,,,,,,
1,negative,,,,,,,,,
0,like,,,,,,,,,
1,negative,,,,,,,,,
0,Night,,,,,,,,,
1,negative,,,,,,,,,
0,Living,,,,,,,,,
1,negative,,,,,,,,,
0,head,,,,,,,,,
1,negative,,,,,,,,,
0,twist,,,,,,,,,
1,negative,,,,,,,,,
0,well,,,,,,,,,
1,negative,,,,,,,,,
0,movie,,,,,,,,,
1,negative,,,,,,,,,
0,stears,,,,,,,,,
1,negative,,,,,,,,,
0,clear,,,,,,,,,
1,negative,,,,,,,,,
0,usual,,,,,,,,,
1,negative,,,,,,,,,
0,zombie,,,,,,,,,
1,negative,,,,,,,,,
0,cliche,,,,,,,,,
1,negative,,,,,,,,,
0,trademark,,,,,,,,,
1,negative,,,,,,,,,
0,blaze,,,,,,,,,
1,negative,,,,,,,,,
0,trail,,,,,,,,,
1,negative,,,,,,,,,
0,Director,,,,,,,,,
1,negative,,,,,,,,,
0,Soave,,,,,,,,,
1,negative,,,,,,,,,
0,tried,,,,,,,,,
1,negative,,,,,,,,,
0,make,,,,,,,,,
1,negative,,,,,,,,,
0,stylish,,,,,,,,,
1,negative,,,,,,,,,
0,different,,,,,,,,,
1,negative,,,,,,,,,
0,usual,,,,,,,,,
1,negative,,,,,,,,,
0,zombie,,,,,,,,,
1,negative,,,,,,,,,
0,flick,,,,,,,,,
1,negative,,,,,,,,,
0,I,,,,,,,,,
1,negative,,,,,,,,,
0,admit,,,,,,,,,
1,negative,,,,,,,,,
0,I,,,,,,,,,
1,negative,,,,,,,,,
0,usually,,,,,,,,,
1,negative,,,,,,,,,
0,interested,,,,,,,,,
1,negative,,,,,,,,,
0,clever,,,,,,,,,
1,negative,,,,,,,,,
0,plot,,,,,,,,,
1,negative,,,,,,,,,
0,interesting,,,,,,,,,
1,negative,,,,,,,,,
0,character,,,,,,,,,
1,negative,,,,,,,,,
0,I,,,,,,,,,
1,negative,,,,,,,,,
0,watch,,,,,,,,,
1,negative,,,,,,,,,
0,zombie,,,,,,,,,
1,negative,,,,,,,,,
0,movie,,,,,,,,,
1,negative,,,,,,,,,
0,What,,,,,,,,,
1,negative,,,,,,,,,
0,I,,,,,,,,,
1,negative,,,,,,,,,
0,really,,,,,,,,,
1,negative,,,,,,,,,
0,like,,,,,,,,,
1,negative,,,,,,,,,
0,atmospheric,,,,,,,,,
1,negative,,,,,,,,,
0,gore,,,,,,,,,
1,negative,,,,,,,,,
0,drenched,,,,,,,,,
1,negative,,,,,,,,,
0,nightmare,,,,,,,,,
1,negative,,,,,,,,,
0,like,,,,,,,,,
1,negative,,,,,,,,,
0,beyond,,,,,,,,,
1,negative,,,,,,,,,
0,top,,,,,,,,,
1,negative,,,,,,,,,
0,black,,,,,,,,,
1,negative,,,,,,,,,
0,comedy,,,,,,,,,
1,negative,,,,,,,,,
0,braindead,,,,,,,,,
1,negative,,,,,,,,,
0,Night,,,,,,,,,
1,negative,,,,,,,,,
0,Creeks,,,,,,,,,
1,negative,,,,,,,,,
0,return,,,,,,,,,
1,negative,,,,,,,,,
0,Living,,,,,,,,,
1,negative,,,,,,,,,
0,head,,,,,,,,,
1,negative,,,,,,,,,
0,All,,,,,,,,,
1,negative,,,,,,,,,
0,classic,,,,,,,,,
1,negative,,,,,,,,,
0,If,,,,,,,,,
1,negative,,,,,,,,,
0,hoping,,,,,,,,,
1,negative,,,,,,,,,
0,see,,,,,,,,,
1,negative,,,,,,,,,
0,advice,,,,,,,,,
1,negative,,,,,,,,,
0,avoid,,,,,,,,,
1,negative,,,,,,,,,
0,cemetery,,,,,,,,,
1,negative,,,,,,,,,
0,Man,,,,,,,,,
1,negative,,,,,,,,,
0,aka,,,,,,,,,
1,negative,,,,,,,,,
0,Dellamorte,,,,,,,,,
1,negative,,,,,,,,,
0,Delcambre,,,,,,,,,
1,negative,,,,,,,,,
0,like,,,,,,,,,
1,negative,,,,,,,,,
0,black,,,,,,,,,
1,negative,,,,,,,,,
0,plague,,,,,,,,,
1,negative,,,,,,,,,
0,see,,,,,,,,,
1,negative,,,,,,,,,
0,sulcus,,,,,,,,,
1,negative,,,,,,,,,
0,movie,,,,,,,,,
1,negative,,,,,,,,,
0,example,,,,,,,,,
1,negative,,,,,,,,,
0,Italian,,,,,,,,,
1,negative,,,,,,,,,
0,greatness.This,,,,,,,,,
1,negative,,,,,,,,,
0,story,,,,,,,,,
1,negative,,,,,,,,,
0,revolves,,,,,,,,,
1,negative,,,,,,,,,
0,around,,,,,,,,,
1,negative,,,,,,,,,
0,cemetery,,,,,,,,,
1,negative,,,,,,,,,
0,caretaker,,,,,,,,,
1,negative,,,,,,,,,
0,sidekick,,,,,,,,,
1,negative,,,,,,,,,
0,fight,,,,,,,,,
1,negative,,,,,,,,,
0,undead,,,,,,,,,
1,negative,,,,,,,,,
0,get,,,,,,,,,
1,negative,,,,,,,,,
0,sort,,,,,,,,,
1,negative,,,,,,,,,
0,trouble,,,,,,,,,
1,negative,,,,,,,,,
0,They,,,,,,,,,
1,negative,,,,,,,,,
0,get,,,,,,,,,
1,negative,,,,,,,,,
0,involved,,,,,,,,,
1,negative,,,,,,,,,
0,strange,,,,,,,,,
1,negative,,,,,,,,,
0,relationship,,,,,,,,,
1,negative,,,,,,,,,
0,becomes,,,,,,,,,
1,negative,,,,,,,,,
0,much,,,,,,,,,
1,negative,,,,,,,,,
0,handle,,,,,,,,,
1,negative,,,,,,,,,
0,become,,,,,,,,,
1,negative,,,,,,,,,
0,entangled,,,,,,,,,
1,negative,,,,,,,,,
0,deeper,,,,,,,,,
1,negative,,,,,,,,,
0,deeper,,,,,,,,,
1,negative,,,,,,,,,
0,situation,,,,,,,,,
1,negative,,,,,,,,,
0,control,,,,,,,,,
1,negative,,,,,,,,,
0,eventually,,,,,,,,,
1,negative,,,,,,,,,
0,life,,,,,,,,,
1,negative,,,,,,,,,
0,become,,,,,,,,,
1,negative,,,,,,,,,
0,surreal,,,,,,,,,
1,negative,,,,,,,,,
0,reality,,,,,,,,,
1,negative,,,,,,,,,
0,harder,,,,,,,,,
1,negative,,,,,,,,,
0,grasp,,,,,,,,,
1,negative,,,,,,,,,
0,This,,,,,,,,,
1,negative,,,,,,,,,
0,make,,,,,,,,,
1,negative,,,,,,,,,
0,grueling,,,,,,,,,
1,negative,,,,,,,,,
0,watch,,,,,,,,,
1,negative,,,,,,,,,
0,In,,,,,,,,,
1,negative,,,,,,,,,
0,opinion,,,,,,,,,
1,negative,,,,,,,,,
0,character,,,,,,,,,
1,negative,,,,,,,,,
0,rather,,,,,,,,,
1,negative,,,,,,,,,
0,bland,,,,,,,,,
1,negative,,,,,,,,,
0,The,,,,,,,,,
1,negative,,,,,,,,,
0,story,,,,,,,,,
1,negative,,,,,,,,,
0,freaky,,,,,,,,,
1,negative,,,,,,,,,
0,I,,,,,,,,,
1,negative,,,,,,,,,
0,give,,,,,,,,,
1,negative,,,,,,,,,
0,credit,,,,,,,,,
1,negative,,,,,,,,,
0,director,,,,,,,,,
1,negative,,,,,,,,,
0,writer,,,,,,,,,
1,negative,,,,,,,,,
0,attempt,,,,,,,,,
1,negative,,,,,,,,,
0,come,,,,,,,,,
1,negative,,,,,,,,,
0,something,,,,,,,,,
1,negative,,,,,,,,,
0,original,,,,,,,,,
1,negative,,,,,,,,,
0,unique,,,,,,,,,
1,negative,,,,,,,,,
0,delivered,,,,,,,,,
1,negative,,,,,,,,,
0,well,,,,,,,,,
1,negative,,,,,,,,,
0,screen,,,,,,,,,
1,negative,,,,,,,,,
0,This,,,,,,,,,
1,negative,,,,,,,,,
0,cemetery,,,,,,,,,
1,negative,,,,,,,,,
0,Man,,,,,,,,,
1,negative,,,,,,,,,
0,fails.There,,,,,,,,,
1,negative,,,,,,,,,
0,several,,,,,,,,,
1,negative,,,,,,,,,
0,scene,,,,,,,,,
1,negative,,,,,,,,,
0,zombie,,,,,,,,,
1,negative,,,,,,,,,
0,attacking,,,,,,,,,
1,negative,,,,,,,,,
0,yet,,,,,,,,,
1,negative,,,,,,,,,
0,add,,,,,,,,,
1,negative,,,,,,,,,
0,little,,,,,,,,,
1,negative,,,,,,,,,
0,entertainment,,,,,,,,,
1,negative,,,,,,,,,
0,gore,,,,,,,,,
1,negative,,,,,,,,,
0,infrequent,,,,,,,,,
1,negative,,,,,,,,,
0,brief,,,,,,,,,
1,negative,,,,,,,,,
0,The,,,,,,,,,
1,negative,,,,,,,,,
0,effect,,,,,,,,,
1,negative,,,,,,,,,
0,decent,,,,,,,,,
1,negative,,,,,,,,,
0,ca,,,,,,,,,
1,negative,,,,,,,,,
0,save,,,,,,,,,
1,negative,,,,,,,,,
0,movie,,,,,,,,,
1,negative,,,,,,,,,
0,Although,,,,,,,,,
1,negative,,,,,,,,,
0,movie,,,,,,,,,
1,negative,,,,,,,,,
0,held,,,,,,,,,
1,negative,,,,,,,,,
0,interest,,,,,,,,,
1,negative,,,,,,,,,
0,beyond,,,,,,,,,
1,negative,,,,,,,,,
0,stupid,,,,,,,,,
1,negative,,,,,,,,,
0,ending,,,,,,,,,
1,negative,,,,,,,,,
0,much,,,,,,,,,
1,negative,,,,,,,,,
0,I,,,,,,,,,
1,negative,,,,,,,,,
0,bored,,,,,,,,,
1,negative,,,,,,,,,
0,story,,,,,,,,,
1,negative,,,,,,,,,
0,drag,,,,,,,,,
1,negative,,,,,,,,,
0,little,,,,,,,,,
1,negative,,,,,,,,,
0,comedic,,,,,,,,,
1,negative,,,,,,,,,
0,relief,,,,,,,,,
1,negative,,,,,,,,,
0,This,,,,,,,,,
1,negative,,,,,,,,,
0,one,,,,,,,,,
1,negative,,,,,,,,,
0,worst,,,,,,,,,
1,negative,,,,,,,,,
0,movie,,,,,,,,,
1,negative,,,,,,,,,
0,I,,,,,,,,,
1,negative,,,,,,,,,
0,ever,,,,,,,,,
1,negative,,,,,,,,,
0,sat,,,,,,,,,
1,negative,,,,,,,,,
0,I,,,,,,,,,
1,negative,,,,,,,,,
0,love,,,,,,,,,
1,negative,,,,,,,,,
0,low,,,,,,,,,
1,negative,,,,,,,,,
0,budget,,,,,,,,,
1,negative,,,,,,,,,
0,horror,,,,,,,,,
1,negative,,,,,,,,,
0,Even,,,,,,,,,
1,negative,,,,,,,,,
0,though,,,,,,,,,
1,negative,,,,,,,,,
0,devoid,,,,,,,,,
1,negative,,,,,,,,,
0,overly,,,,,,,,,
1,negative,,,,,,,,,
0,polished,,,,,,,,,
1,negative,,,,,,,,,
0,Hollywood,,,,,,,,,
1,negative,,,,,,,,,
0,feel,,,,,,,,,
1,negative,,,,,,,,,
0,undeniably,,,,,,,,,
1,negative,,,,,,,,,
0,dull,,,,,,,,,
1,negative,,,,,,,,,
0,stupid,,,,,,,,,
1,negative,,,,,,,,,
0,I,,,,,,,,,
1,negative,,,,,,,,,
0,see,,,,,,,,,
1,negative,,,,,,,,,
0,entertaining,,,,,,,,,
1,negative,,,,,,,,,
0,many,,,,,,,,,
1,negative,,,,,,,,,
0,different,,,,,,,,,
1,negative,,,,,,,,,
0,taste,,,,,,,,,
1,negative,,,,,,,,,
0,I,,,,,,,,,
1,negative,,,,,,,,,
0,guess,,,,,,,,,
1,negative,,,,,,,,,
0,I,,,,,,,,,
1,negative,,,,,,,,,
0,going,,,,,,,,,
1,negative,,,,,,,,,
0,stick,,,,,,,,,
1,negative,,,,,,,,,
0,le,,,,,,,,,
1,negative,,,,,,,,,
0,brain,,,,,,,,,
1,negative,,,,,,,,,
0,numbing,,,,,,,,,
1,negative,,,,,,,,,
0,splatter,,,,,,,,,
1,negative,,,,,,,,,
0,flick,,,,,,,,,
1,negative,,,,,,,,,
0,I,,,,,,,,,
1,negative,,,,,,,,,
0,lost,,,,,,,,,
1,negative,,,,,,,,,
0,hope,,,,,,,,,
1,negative,,,,,,,,,
0,modern,,,,,,,,,
1,negative,,,,,,,,,
0,horror,,,,,,,,,
1,negative,,,,,,,,,
0,film,,,,,,,,,
1,negative,,,,,,,,,
0,equalling,,,,,,,,,
1,negative,,,,,,,,,
0,great,,,,,,,,,
1,negative,,,,,,,,,
0,era,,,,,,,,,
1,negative,,,,,,,,,
0,achieved,,,,,,,,,
1,negative,,,,,,,,,
0,I,,,,,,,,,
1,negative,,,,,,,,,
0,watched,,,,,,,,,
1,negative,,,,,,,,,
0,movie,,,,,,,,,
1,negative,,,,,,,,,
0,couple,,,,,,,,,
1,negative,,,,,,,,,
0,day,,,,,,,,,
1,negative,,,,,,,,,
0,ago,,,,,,,,,
1,negative,,,,,,,,,
0,oh,,,,,,,,,
1,negative,,,,,,,,,
0,god,,,,,,,,,
1,negative,,,,,,,,,
0,snooze,,,,,,,,,
1,negative,,,,,,,,,
0,fest,,,,,,,,,
1,negative,,,,,,,,,
0,I,,,,,,,,,
1,negative,,,,,,,,,
0,swear,,,,,,,,,
1,negative,,,,,,,,,
0,god,,,,,,,,,
1,negative,,,,,,,,,
0,like,,,,,,,,,
1,negative,,,,,,,,,
0,eight,,,,,,,,,
1,negative,,,,,,,,,
0,hour,,,,,,,,,
1,negative,,,,,,,,,
0,long,,,,,,,,,
1,negative,,,,,,,,,
0,It,,,,,,,,,
1,negative,,,,,,,,,
0,boring,,,,,,,,,
1,negative,,,,,,,,,
0,mind,,,,,,,,,
1,negative,,,,,,,,,
0,numbing,,,,,,,,,
1,negative,,,,,,,,,
0,peace,,,,,,,,,
1,negative,,,,,,,,,
0,work,,,,,,,,,
1,negative,,,,,,,,,
0,I,,,,,,,,,
1,negative,,,,,,,,,
0,ever,,,,,,,,,
1,negative,,,,,,,,,
0,seen,,,,,,,,,
1,negative,,,,,,,,,
0,life,,,,,,,,,
1,negative,,,,,,,,,
0,The,,,,,,,,,
1,negative,,,,,,,,,
0,plot,,,,,,,,,
1,negative,,,,,,,,,
0,dragged,,,,,,,,,
1,negative,,,,,,,,,
0,forever,,,,,,,,,
1,negative,,,,,,,,,
0,many,,,,,,,,,
1,negative,,,,,,,,,
0,point,,,,,,,,,
1,negative,,,,,,,,,
0,movie,,,,,,,,,
1,negative,,,,,,,,,
0,thought,,,,,,,,,
1,negative,,,,,,,,,
0,end,,,,,,,,,
1,negative,,,,,,,,,
0,kept,,,,,,,,,
1,negative,,,,,,,,,
0,going,,,,,,,,,
1,negative,,,,,,,,,
0,Even,,,,,,,,,
1,negative,,,,,,,,,
0,drunk,,,,,,,,,
1,negative,,,,,,,,,
0,make,,,,,,,,,
1,negative,,,,,,,,,
0,movie,,,,,,,,,
1,negative,,,,,,,,,
0,better,,,,,,,,,
1,negative,,,,,,,,,
0,I,,,,,,,,,
1,negative,,,,,,,,,
0,one,,,,,,,,,
1,negative,,,,,,,,,
0,understand,,,,,,,,,
1,negative,,,,,,,,,
0,good,,,,,,,,,
1,negative,,,,,,,,,
0,review,,,,,,,,,
1,negative,,,,,,,,,
0,I,,,,,,,,,
1,negative,,,,,,,,,
0,think,,,,,,,,,
1,negative,,,,,,,,,
0,movie,,,,,,,,,
1,negative,,,,,,,,,
0,terrible,,,,,,,,,
1,negative,,,,,,,,,
0,Rupert,,,,,,,,,
1,negative,,,,,,,,,
0,better,,,,,,,,,
1,negative,,,,,,,,,
0,My,,,,,,,,,
1,negative,,,,,,,,,
0,Best,,,,,,,,,
1,negative,,,,,,,,,
0,Friends,,,,,,,,,
1,negative,,,,,,,,,
0,Wedding,,,,,,,,,
1,negative,,,,,,,,,
0,pile,,,,,,,,,
1,negative,,,,,,,,,
0,Oh,,,,,,,,,
1,negative,,,,,,,,,
0,makeup,,,,,,,,,
1,negative,,,,,,,,,
0,costume,,,,,,,,,
1,negative,,,,,,,,,
0,sucked,,,,,,,,,
1,negative,,,,,,,,,
0,Given,,,,,,,,,
1,negative,,,,,,,,,
0,number,,,,,,,,,
1,negative,,,,,,,,,
0,positive,,,,,,,,,
1,negative,,,,,,,,,
0,review,,,,,,,,,
1,negative,,,,,,,,,
0,I,,,,,,,,,
1,negative,,,,,,,,,
0,expecting,,,,,,,,,
1,negative,,,,,,,,,
0,one,,,,,,,,,
1,negative,,,,,,,,,
0,I,,,,,,,,,
1,negative,,,,,,,,,
0,quite,,,,,,,,,
1,negative,,,,,,,,,
0,enjoy,,,,,,,,,
1,negative,,,,,,,,,
0,bad,,,,,,,,,
1,negative,,,,,,,,,
0,movie,,,,,,,,,
1,negative,,,,,,,,,
0,time,,,,,,,,,
1,negative,,,,,,,,,
0,time,,,,,,,,,
1,negative,,,,,,,,,
0,one,,,,,,,,,
1,negative,,,,,,,,,
0,dumb,,,,,,,,,
1,negative,,,,,,,,,
0,ditch,,,,,,,,,
1,negative,,,,,,,,,
0,water,,,,,,,,,
1,negative,,,,,,,,,
0,Do,,,,,,,,,
1,negative,,,,,,,,,
0,favour,,,,,,,,,
1,negative,,,,,,,,,
0,ignore,,,,,,,,,
1,negative,,,,,,,,,
0,All,,,,,,,,,
1,negative,,,,,,,,,
0,positive,,,,,,,,,
1,negative,,,,,,,,,
0,review,,,,,,,,,
1,negative,,,,,,,,,
0,calling,,,,,,,,,
1,negative,,,,,,,,,
0,greatest,,,,,,,,,
1,negative,,,,,,,,,
0,movie,,,,,,,,,
1,negative,,,,,,,,,
0,time,,,,,,,,,
1,negative,,,,,,,,,
0,way,,,,,,,,,
1,negative,,,,,,,,,
0,base,,,,,,,,,
1,negative,,,,,,,,,
0,What,,,,,,,,,
1,negative,,,,,,,,,
0,make,,,,,,,,,
1,negative,,,,,,,,,
0,movie,,,,,,,,,
1,negative,,,,,,,,,
0,great,,,,,,,,,
1,negative,,,,,,,,,
0,There,,,,,,,,,
1,negative,,,,,,,,,
0,ton,,,,,,,,,
1,negative,,,,,,,,,
0,Italian,,,,,,,,,
1,negative,,,,,,,,,
0,zombie,,,,,,,,,
1,negative,,,,,,,,,
0,movie,,,,,,,,,
1,negative,,,,,,,,,
0,good,,,,,,,,,
1,negative,,,,,,,,,
0,better,,,,,,,,,
1,negative,,,,,,,,,
0,drivel.After,,,,,,,,,
1,negative,,,,,,,,,
0,reading,,,,,,,,,
1,negative,,,,,,,,,
0,review,,,,,,,,,
1,negative,,,,,,,,,
0,calling,,,,,,,,,
1,negative,,,,,,,,,
0,classic,,,,,,,,,
1,negative,,,,,,,,,
0,I,,,,,,,,,
1,negative,,,,,,,,,
0,went,,,,,,,,,
1,negative,,,,,,,,,
0,expecting,,,,,,,,,
1,negative,,,,,,,,,
0,something,,,,,,,,,
1,negative,,,,,,,,,
0,evil,,,,,,,,,
1,negative,,,,,,,,,
0,head,,,,,,,,,
1,negative,,,,,,,,,
0,head,,,,,,,,,
1,negative,,,,,,,,,
0,live,,,,,,,,,
1,negative,,,,,,,,,
0,type,,,,,,,,,
1,negative,,,,,,,,,
0,film,,,,,,,,,
1,negative,,,,,,,,,
0,filled,,,,,,,,,
1,negative,,,,,,,,,
0,gore,,,,,,,,,
1,negative,,,,,,,,,
0,nice,,,,,,,,,
1,negative,,,,,,,,,
0,comedic,,,,,,,,,
1,negative,,,,,,,,,
0,bit,,,,,,,,,
1,negative,,,,,,,,,
0,cemetery,,,,,,,,,
1,negative,,,,,,,,,
0,Man,,,,,,,,,
1,negative,,,,,,,,,
0,simply,,,,,,,,,
1,negative,,,,,,,,,
0,BORING,,,,,,,,,
1,negative,,,,,,,,,
0,right,,,,,,,,,
1,negative,,,,,,,,,
0,BORING,,,,,,,,,
1,negative,,,,,,,,,
0,slowly,,,,,,,,,
1,negative,,,,,,,,,
0,paced,,,,,,,,,
1,negative,,,,,,,,,
0,dim,,,,,,,,,
1,negative,,,,,,,,,
0,witted,,,,,,,,,
1,negative,,,,,,,,,
0,right,,,,,,,,,
1,negative,,,,,,,,,
0,UK,,,,,,,,,
1,negative,,,,,,,,,
0,If,,,,,,,,,
1,negative,,,,,,,,,
0,want,,,,,,,,,
1,negative,,,,,,,,,
0,see,,,,,,,,,
1,negative,,,,,,,,,
0,good,,,,,,,,,
1,negative,,,,,,,,,
0,Italian,,,,,,,,,
1,negative,,,,,,,,,
0,zombie,,,,,,,,,
1,negative,,,,,,,,,
0,flick,,,,,,,,,
1,negative,,,,,,,,,
0,check,,,,,,,,,
1,negative,,,,,,,,,
0,Lucio,,,,,,,,,
1,negative,,,,,,,,,
0,sulcus,,,,,,,,,
1,negative,,,,,,,,,
0,work,,,,,,,,,
1,negative,,,,,,,,,
0,like,,,,,,,,,
1,negative,,,,,,,,,
0,zombie,,,,,,,,,
1,negative,,,,,,,,,
0,City,,,,,,,,,
1,negative,,,,,,,,,
0,The,,,,,,,,,
1,negative,,,,,,,,,
0,Living,,,,,,,,,
1,negative,,,,,,,,,
0,head,,,,,,,,,
1,negative,,,,,,,,,
0,The,,,,,,,,,
1,negative,,,,,,,,,
0,beyond,,,,,,,,,
1,negative,,,,,,,,,
0,superior,,,,,,,,,
1,negative,,,,,,,,,
0,work,,,,,,,,,
1,negative,,,,,,,,,
0,compared,,,,,,,,,
1,negative,,,,,,,,,
0,god,,,,,,,,,
1,negative,,,,,,,,,
0,awful,,,,,,,,,
1,negative,,,,,,,,,
0,movie,,,,,,,,,
1,negative,,,,,,,,,
0,Save,,,,,,,,,
1,negative,,,,,,,,,
0,hour,,,,,,,,,
1,negative,,,,,,,,,
0,life,,,,,,,,,
1,negative,,,,,,,,,
0,stay,,,,,,,,,
1,negative,,,,,,,,,
0,away,,,,,,,,,
1,negative,,,,,,,,,
0,extremely,,,,,,,,,
1,negative,,,,,,,,,
0,boring,,,,,,,,,
1,negative,,,,,,,,,
0,film,,,,,,,,,
1,negative,,,,,,,,,
0,This,,,,,,,,,
1,negative,,,,,,,,,
0,total,,,,,,,,,
1,negative,,,,,,,,,
0,waste,,,,,,,,,
1,negative,,,,,,,,,
0,minute,,,,,,,,,
1,negative,,,,,,,,,
0,life,,,,,,,,,
1,negative,,,,,,,,,
0,Terrible,,,,,,,,,
1,negative,,,,,,,,,
0,boring,,,,,,,,,
1,negative,,,,,,,,,
0,stupid,,,,,,,,,
1,negative,,,,,,,,,
0,senseless,,,,,,,,,
1,negative,,,,,,,,,
0,begin,,,,,,,,,
1,negative,,,,,,,,,
0,describe,,,,,,,,,
1,negative,,,,,,,,,
0,waste,,,,,,,,,
1,negative,,,,,,,,,
0,film,,,,,,,,,
1,negative,,,,,,,,,
0,How,,,,,,,,,
1,negative,,,,,,,,,
0,anyone,,,,,,,,,
1,negative,,,,,,,,,
0,rate,,,,,,,,,
1,negative,,,,,,,,,
0,start,,,,,,,,,
1,negative,,,,,,,,,
0,beyond,,,,,,,,,
1,negative,,,,,,,,,
0,I,,,,,,,,,
1,negative,,,,,,,,,
0,think,,,,,,,,,
1,negative,,,,,,,,,
0,I,,,,,,,,,
1,negative,,,,,,,,,
0,open,,,,,,,,,
1,negative,,,,,,,,,
0,minded,,,,,,,,,
1,negative,,,,,,,,,
0,I,,,,,,,,,
1,negative,,,,,,,,,
0,watch,,,,,,,,,
1,negative,,,,,,,,,
0,horror,,,,,,,,,
1,negative,,,,,,,,,
0,slasher,,,,,,,,,
1,negative,,,,,,,,,
0,foreign,,,,,,,,,
1,negative,,,,,,,,,
0,suspense,,,,,,,,,
1,negative,,,,,,,,,
0,film,,,,,,,,,
1,negative,,,,,,,,,
0,time,,,,,,,,,
1,negative,,,,,,,,,
0,This,,,,,,,,,
1,negative,,,,,,,,,
0,nothing,,,,,,,,,
1,negative,,,,,,,,,
0,going,,,,,,,,,
1,negative,,,,,,,,,
0,It,,,,,,,,,
1,negative,,,,,,,,,
0,NOT,,,,,,,,,
1,negative,,,,,,,,,
0,scary,,,,,,,,,
1,negative,,,,,,,,,
0,least,,,,,,,,,
1,negative,,,,,,,,,
0,And,,,,,,,,,
1,negative,,,,,,,,,
0,special,,,,,,,,,
1,negative,,,,,,,,,
0,effect,,,,,,,,,
1,negative,,,,,,,,,
0,well,,,,,,,,,
1,negative,,,,,,,,,
0,done,,,,,,,,,
1,negative,,,,,,,,,
0,high,,,,,,,,,
1,negative,,,,,,,,,
0,school,,,,,,,,,
1,negative,,,,,,,,,
0,play,,,,,,,,,
1,negative,,,,,,,,,
0,This,,,,,,,,,
1,negative,,,,,,,,,
0,garbage,,,,,,,,,
1,negative,,,,,,,,,
0,I,,,,,,,,,
1,negative,,,,,,,,,
0,would,,,,,,,,,
1,negative,,,,,,,,,
0,given,,,,,,,,,
1,negative,,,,,,,,,
0,zero,,,,,,,,,
1,negative,,,,,,,,,
0,star,,,,,,,,,
1,negative,,,,,,,,,
0,option,,,,,,,,,
1,negative,,,,,,,,,
